id,channel,family,dest,match,utm_source,utm_medium,utm_campaign,utm_content,url,qr_svg,qr_png,asset_file,decode_ok
mosque-spain-saudi-arabia,mosque,placement,match,spain-saudi-arabia,mosque_alfarooq,qr,wc2026,,https://atlan-green-book.vercel.app/match/spain-saudi-arabia?utm_source=mosque_alfarooq&utm_medium=qr&utm_campaign=wc2026,qr/mosque-spain-saudi-arabia.svg,qr/mosque-spain-saudi-arabia.png,mosque-flyer.html,true
mosque-morocco-haiti,mosque,placement,match,morocco-haiti,mosque_alfarooq,qr,wc2026,,https://atlan-green-book.vercel.app/match/morocco-haiti?utm_source=mosque_alfarooq&utm_medium=qr&utm_campaign=wc2026,qr/mosque-morocco-haiti.svg,qr/mosque-morocco-haiti.png,mosque-flyer.html,true
mosque-dr-congo-uzbekistan,mosque,placement,match,dr-congo-uzbekistan,mosque_alfarooq,qr,wc2026,,https://atlan-green-book.vercel.app/match/dr-congo-uzbekistan?utm_source=mosque_alfarooq&utm_medium=qr&utm_campaign=wc2026,qr/mosque-dr-congo-uzbekistan.svg,qr/mosque-dr-congo-uzbekistan.png,mosque-flyer.html,true
mosque-semifinal-atlanta,mosque,placement,match,semifinal-atlanta,mosque_alfarooq,qr,wc2026,,https://atlan-green-book.vercel.app/match/semifinal-atlanta?utm_source=mosque_alfarooq&utm_medium=qr&utm_campaign=wc2026,qr/mosque-semifinal-atlanta.svg,qr/mosque-semifinal-atlanta.png,mosque-flyer.html,true
restaurant-spain-saudi-arabia,restaurant,placement,match,spain-saudi-arabia,restaurant_aldente,qr,wc2026,,https://atlan-green-book.vercel.app/match/spain-saudi-arabia?utm_source=restaurant_aldente&utm_medium=qr&utm_campaign=wc2026,qr/restaurant-spain-saudi-arabia.svg,qr/restaurant-spain-saudi-arabia.png,table-tent.html,true
restaurant-morocco-haiti,restaurant,placement,match,morocco-haiti,restaurant_aldente,qr,wc2026,,https://atlan-green-book.vercel.app/match/morocco-haiti?utm_source=restaurant_aldente&utm_medium=qr&utm_campaign=wc2026,qr/restaurant-morocco-haiti.svg,qr/restaurant-morocco-haiti.png,table-tent.html,true
restaurant-dr-congo-uzbekistan,restaurant,placement,match,dr-congo-uzbekistan,restaurant_aldente,qr,wc2026,,https://atlan-green-book.vercel.app/match/dr-congo-uzbekistan?utm_source=restaurant_aldente&utm_medium=qr&utm_campaign=wc2026,qr/restaurant-dr-congo-uzbekistan.svg,qr/restaurant-dr-congo-uzbekistan.png,table-tent.html,true
restaurant-semifinal-atlanta,restaurant,placement,match,semifinal-atlanta,restaurant_aldente,qr,wc2026,,https://atlan-green-book.vercel.app/match/semifinal-atlanta?utm_source=restaurant_aldente&utm_medium=qr&utm_campaign=wc2026,qr/restaurant-semifinal-atlanta.svg,qr/restaurant-semifinal-atlanta.png,table-tent.html,true
window-spain-saudi-arabia,window,placement,match,spain-saudi-arabia,window_sticker,qr,wc2026,,https://atlan-green-book.vercel.app/match/spain-saudi-arabia?utm_source=window_sticker&utm_medium=qr&utm_campaign=wc2026,qr/window-spain-saudi-arabia.svg,qr/window-spain-saudi-arabia.png,window-sticker.html,true
window-morocco-haiti,window,placement,match,morocco-haiti,window_sticker,qr,wc2026,,https://atlan-green-book.vercel.app/match/morocco-haiti?utm_source=window_sticker&utm_medium=qr&utm_campaign=wc2026,qr/window-morocco-haiti.svg,qr/window-morocco-haiti.png,window-sticker.html,true
window-dr-congo-uzbekistan,window,placement,match,dr-congo-uzbekistan,window_sticker,qr,wc2026,,https://atlan-green-book.vercel.app/match/dr-congo-uzbekistan?utm_source=window_sticker&utm_medium=qr&utm_campaign=wc2026,qr/window-dr-congo-uzbekistan.svg,qr/window-dr-congo-uzbekistan.png,window-sticker.html,true
window-semifinal-atlanta,window,placement,match,semifinal-atlanta,window_sticker,qr,wc2026,,https://atlan-green-book.vercel.app/match/semifinal-atlanta?utm_source=window_sticker&utm_medium=qr&utm_campaign=wc2026,qr/window-semifinal-atlanta.svg,qr/window-semifinal-atlanta.png,window-sticker.html,true
guerrilla_marta-spain-saudi-arabia,guerrilla_marta,placement,match,spain-saudi-arabia,guerrilla_marta,qr,wc2026,,https://atlan-green-book.vercel.app/match/spain-saudi-arabia?utm_source=guerrilla_marta&utm_medium=qr&utm_campaign=wc2026,qr/guerrilla_marta-spain-saudi-arabia.svg,qr/guerrilla_marta-spain-saudi-arabia.png,match-day-flyer.html,true
guerrilla_marta-morocco-haiti,guerrilla_marta,placement,match,morocco-haiti,guerrilla_marta,qr,wc2026,,https://atlan-green-book.vercel.app/match/morocco-haiti?utm_source=guerrilla_marta&utm_medium=qr&utm_campaign=wc2026,qr/guerrilla_marta-morocco-haiti.svg,qr/guerrilla_marta-morocco-haiti.png,match-day-flyer.html,true
guerrilla_marta-dr-congo-uzbekistan,guerrilla_marta,placement,match,dr-congo-uzbekistan,guerrilla_marta,qr,wc2026,,https://atlan-green-book.vercel.app/match/dr-congo-uzbekistan?utm_source=guerrilla_marta&utm_medium=qr&utm_campaign=wc2026,qr/guerrilla_marta-dr-congo-uzbekistan.svg,qr/guerrilla_marta-dr-congo-uzbekistan.png,match-day-flyer.html,true
guerrilla_marta-semifinal-atlanta,guerrilla_marta,placement,match,semifinal-atlanta,guerrilla_marta,qr,wc2026,,https://atlan-green-book.vercel.app/match/semifinal-atlanta?utm_source=guerrilla_marta&utm_medium=qr&utm_campaign=wc2026,qr/guerrilla_marta-semifinal-atlanta.svg,qr/guerrilla_marta-semifinal-atlanta.png,match-day-flyer.html,true
guerrilla_fanzone-spain-saudi-arabia,guerrilla_fanzone,placement,match,spain-saudi-arabia,guerrilla_fanzone,qr,wc2026,,https://atlan-green-book.vercel.app/match/spain-saudi-arabia?utm_source=guerrilla_fanzone&utm_medium=qr&utm_campaign=wc2026,qr/guerrilla_fanzone-spain-saudi-arabia.svg,qr/guerrilla_fanzone-spain-saudi-arabia.png,match-day-flyer.html,true
guerrilla_fanzone-morocco-haiti,guerrilla_fanzone,placement,match,morocco-haiti,guerrilla_fanzone,qr,wc2026,,https://atlan-green-book.vercel.app/match/morocco-haiti?utm_source=guerrilla_fanzone&utm_medium=qr&utm_campaign=wc2026,qr/guerrilla_fanzone-morocco-haiti.svg,qr/guerrilla_fanzone-morocco-haiti.png,match-day-flyer.html,true
guerrilla_fanzone-dr-congo-uzbekistan,guerrilla_fanzone,placement,match,dr-congo-uzbekistan,guerrilla_fanzone,qr,wc2026,,https://atlan-green-book.vercel.app/match/dr-congo-uzbekistan?utm_source=guerrilla_fanzone&utm_medium=qr&utm_campaign=wc2026,qr/guerrilla_fanzone-dr-congo-uzbekistan.svg,qr/guerrilla_fanzone-dr-congo-uzbekistan.png,match-day-flyer.html,true
guerrilla_fanzone-semifinal-atlanta,guerrilla_fanzone,placement,match,semifinal-atlanta,guerrilla_fanzone,qr,wc2026,,https://atlan-green-book.vercel.app/match/semifinal-atlanta?utm_source=guerrilla_fanzone&utm_medium=qr&utm_campaign=wc2026,qr/guerrilla_fanzone-semifinal-atlanta.svg,qr/guerrilla_fanzone-semifinal-atlanta.png,match-day-flyer.html,true
fangroup-spain-saudi-arabia,fangroup,seed,match,spain-saudi-arabia,fangroup_spain_saudi_arabia,social,wc2026,seed,https://atlan-green-book.vercel.app/match/spain-saudi-arabia?utm_source=fangroup_spain_saudi_arabia&utm_medium=social&utm_campaign=wc2026&utm_content=seed,qr/fangroup-spain-saudi-arabia.svg,qr/fangroup-spain-saudi-arabia.png,(digital — see utm-index),true
fangroup-morocco-haiti,fangroup,seed,match,morocco-haiti,fangroup_morocco_haiti,social,wc2026,seed,https://atlan-green-book.vercel.app/match/morocco-haiti?utm_source=fangroup_morocco_haiti&utm_medium=social&utm_campaign=wc2026&utm_content=seed,qr/fangroup-morocco-haiti.svg,qr/fangroup-morocco-haiti.png,(digital — see utm-index),true
fangroup-dr-congo-uzbekistan,fangroup,seed,match,dr-congo-uzbekistan,fangroup_dr_congo_uzbekistan,social,wc2026,seed,https://atlan-green-book.vercel.app/match/dr-congo-uzbekistan?utm_source=fangroup_dr_congo_uzbekistan&utm_medium=social&utm_campaign=wc2026&utm_content=seed,qr/fangroup-dr-congo-uzbekistan.svg,qr/fangroup-dr-congo-uzbekistan.png,(digital — see utm-index),true
fangroup-semifinal-atlanta,fangroup,seed,match,semifinal-atlanta,fangroup_semifinal_atlanta,social,wc2026,seed,https://atlan-green-book.vercel.app/match/semifinal-atlanta?utm_source=fangroup_semifinal_atlanta&utm_medium=social&utm_campaign=wc2026&utm_content=seed,qr/fangroup-semifinal-atlanta.svg,qr/fangroup-semifinal-atlanta.png,(digital — see utm-index),true
whatsapp_status-spain-saudi-arabia,whatsapp_status,seed,match,spain-saudi-arabia,whatsapp_status,social,wc2026,seed,https://atlan-green-book.vercel.app/match/spain-saudi-arabia?utm_source=whatsapp_status&utm_medium=social&utm_campaign=wc2026&utm_content=seed,qr/whatsapp_status-spain-saudi-arabia.svg,qr/whatsapp_status-spain-saudi-arabia.png,(digital — see utm-index),true
whatsapp_status-morocco-haiti,whatsapp_status,seed,match,morocco-haiti,whatsapp_status,social,wc2026,seed,https://atlan-green-book.vercel.app/match/morocco-haiti?utm_source=whatsapp_status&utm_medium=social&utm_campaign=wc2026&utm_content=seed,qr/whatsapp_status-morocco-haiti.svg,qr/whatsapp_status-morocco-haiti.png,(digital — see utm-index),true
whatsapp_status-dr-congo-uzbekistan,whatsapp_status,seed,match,dr-congo-uzbekistan,whatsapp_status,social,wc2026,seed,https://atlan-green-book.vercel.app/match/dr-congo-uzbekistan?utm_source=whatsapp_status&utm_medium=social&utm_campaign=wc2026&utm_content=seed,qr/whatsapp_status-dr-congo-uzbekistan.svg,qr/whatsapp_status-dr-congo-uzbekistan.png,(digital — see utm-index),true
whatsapp_status-semifinal-atlanta,whatsapp_status,seed,match,semifinal-atlanta,whatsapp_status,social,wc2026,seed,https://atlan-green-book.vercel.app/match/semifinal-atlanta?utm_source=whatsapp_status&utm_medium=social&utm_campaign=wc2026&utm_content=seed,qr/whatsapp_status-semifinal-atlanta.svg,qr/whatsapp_status-semifinal-atlanta.png,(digital — see utm-index),true
home_mosque,home_mosque,placement,home,,mosque_alfarooq,qr,wc2026,,https://atlan-green-book.vercel.app/?utm_source=mosque_alfarooq&utm_medium=qr&utm_campaign=wc2026,qr/home_mosque.svg,qr/home_mosque.png,mosque-flyer.html,true
home_restaurant,home_restaurant,placement,home,,restaurant_aldente,qr,wc2026,,https://atlan-green-book.vercel.app/?utm_source=restaurant_aldente&utm_medium=qr&utm_campaign=wc2026,qr/home_restaurant.svg,qr/home_restaurant.png,table-tent.html,true
home_window,home_window,placement,home,,window_sticker,qr,wc2026,,https://atlan-green-book.vercel.app/?utm_source=window_sticker&utm_medium=qr&utm_campaign=wc2026,qr/home_window.svg,qr/home_window.png,window-sticker.html,true
