type,name_or_handle,platform,url,followers_from_search,pitch_angle,status
travel media,HalalTrip,web/social,https://www.halaltrip.com/site/worldcup2026,,Include ATL app in World Cup 2026 Muslim guide,draft ready
travel media,Wego Travel Blog,web/social,https://blog.wego.com/prayer-world-cup-2026/,,Atlanta-specific prayer/halal app for guide update,draft ready
travel media,Have Halal Will Travel,social/web,,,Muslim-friendly Atlanta World Cup resource,draft ready
travel media,MuslimTravelGirl,social/web,,,Free app for Muslim fans visiting Atlanta,draft ready
local creator,@halalatlanta,Instagram,https://www.instagram.com/halalatlanta/,"3,564",Atlanta halal food audience,draft ready
local creator,@eathalalatlanta,Instagram,https://www.instagram.com/eathalalatlanta/,"3,047",Halal dining/takeout in ATL,draft ready
local creator,@atlhalalbites,Instagram,https://www.instagram.com/atlhalalbites/,"1,613",Atlanta halal bites guide,draft ready
local creator,@atlhalal,Instagram,https://www.instagram.com/atlhalal/,"1,967",Halal meat/food local audience,draft ready
local creator,@halalfoodeatz,Instagram,https://www.instagram.com/halalfoodeatz/,302,Small niche ATL halal finder,draft ready
venue/restaurant,The Halal Guys Midtown Atlanta,Instagram,https://www.instagram.com/thehalalguysmidtown/,"1,745",Restaurant partner/table-tent,draft ready
community,r/worldcup,Reddit,https://www.reddit.com/r/worldcup/,,Utility post for match visitors,draft ready
community,r/Atlanta,Reddit,https://www.reddit.com/r/Atlanta/,,Local resource if rules allow,draft ready
community,Morocco/Senegal/Algeria fan communities,Reddit/social,,,Target Muslim fanbases with travel utility,draft ready
